{"cameraMode":{"drawMode":0,"name":"Shaded","section":"Shading Mode"},"sceneLighting":false,"audioPlay":false,"sceneViewState":{"showFog":true,"showMaterialUpdate":false,"showSkybox":false,"showFlares":true,"showImageEffects":true,"showParticleSystems":true},"in2DMode":false,"pivot":{"x":-10.120999336242676,"y":0.5109999775886536,"z":-2.181999921798706},"rotation":{"x":0.2884990870952606,"y":-0.09002932161092758,"z":0.027258500456809999,"w":0.9528526663780212},"size":1.2000172138214112,"orthographic":false}