{"cameraMode":{"drawMode":0,"name":"Shaded","section":"Shading Mode"},"sceneLighting":false,"audioPlay":false,"sceneViewState":{"showFog":true,"showMaterialUpdate":false,"showSkybox":false,"showFlares":true,"showImageEffects":true,"showParticleSystems":true},"in2DMode":false,"pivot":{"x":1.3601226806640626,"y":0.4169340133666992,"z":1.370591163635254},"rotation":{"x":0.3958449363708496,"y":-0.09860814362764359,"z":0.042800068855285647,"w":0.9120073318481445},"size":7.981362342834473,"orthographic":false}