{"cameraMode":{"drawMode":0,"name":"Shaded","section":"Shading Mode"},"sceneLighting":false,"audioPlay":false,"sceneViewState":{"showFog":true,"showMaterialUpdate":false,"showSkybox":false,"showFlares":true,"showImageEffects":true,"showParticleSystems":true},"in2DMode":false,"pivot":{"x":0.15516412258148194,"y":1.4907058477401734,"z":1.2760279178619385},"rotation":{"x":0.15976539254188538,"y":0.6664184331893921,"z":-0.14937423169612885,"w":0.7127800583839417},"size":0.3370283544063568,"orthographic":false}