{"cameraMode":{"drawMode":0,"name":"Shaded","section":"Shading Mode"},"sceneLighting":true,"audioPlay":false,"sceneViewState":{"showFog":true,"showMaterialUpdate":false,"showSkybox":true,"showFlares":true,"showImageEffects":true,"showParticleSystems":true},"in2DMode":false,"pivot":{"x":-5.092850208282471,"y":1.4083929061889649,"z":-3.305088996887207},"rotation":{"x":-0.3464302122592926,"y":0.39983275532722475,"z":-0.1664683222770691,"w":-0.8321261405944824},"size":4.915626049041748,"orthographic":false}